Dataset,C_max,K,V_max,lambd,sim_weeks,UT_list,weight_span,num_components,number_of_connections
0,15,17,30,0.15021628877747573,6,"[10, 15, 20, 25, 30, 35]","[3, 20]",4.0,1.0
1,15,17,30,0.11491815311562933,6,"[20, 22, 24, 30, 40, 80]","[6, 60]",3.0,4.0
2,20,71,70,0.020344659164220416,4,"[20, 22, 24, 30, 40, 80]","[3, 20]",3.0,2.0
3,20,71,50,0.03972270271887543,4,"[10, 15, 20, 25, 30, 35]","[3, 20]",3.0,5.0
4,10,34,30,0.1766475424582517,6,"[20, 22, 24, 30, 40, 80]","[6, 60]",4.0,4.0
5,20,34,70,0.07171565587228508,6,"[10, 15, 20, 25, 30, 35]","[6, 60]",3.0,3.0
