Dataset,C_max,K,V_max,lambd,sim_weeks,UT_list
0,20,10,70,0.01926795081111208,8,"[20, 22, 24, 30, 40, 80]"
1,10,10,50,0.03716622999439305,8,"[20, 22, 24, 30, 40, 80]"
2,15,51,70,0.08639828169396159,4,"[5, 10, 15, 20, 25, 30]"
3,15,51,30,0.09716031701330545,4,"[5, 10, 15, 20, 25, 30]"
4,15,59,30,0.15153872173492217,4,"[5, 10, 15, 20, 25, 30]"
5,15,59,30,0.11348590086760353,4,"[20, 22, 24, 30, 40, 80]"
