Dataset,C_max,K,V_max,lambd,sim_weeks,UT_list,weight_span,num_components,number_of_connections
0,20,50,70,0.16985709576773136,6,"[5, 10, 15, 20, 25, 30]","[3, 40]",4,3
1,20,50,50,0.0855966868245319,6,"[20, 22, 24, 30, 40, 80]","[3, 40]",4,2
2,20,50,70,0.0956810446380129,6,"[5, 10, 15, 20, 25, 30]","[3, 20]",2,5
3,20,50,30,0.19116338810845693,6,"[10, 15, 20, 25, 30, 35]","[6, 60]",4,3
4,10,50,50,0.050918702651377636,6,"[5, 10, 15, 20, 25, 30]","[3, 40]",2,1
5,15,50,70,0.01944408057251666,6,"[5, 10, 15, 20, 25, 30]","[3, 20]",3,3
